--
-- PostgreSQL database dump
--

-- Dumped from database version 14.4 (Debian 14.4-1.pgdg110+1)
-- Dumped by pg_dump version 14.4

-- Started on 2022-07-05 17:05:14

SET statement_timeout = 0;
SET lock_timeout = 0;
SET idle_in_transaction_session_timeout = 0;
SET client_encoding = 'UTF8';
SET standard_conforming_strings = on;
SELECT pg_catalog.set_config('search_path', '', false);
SET check_function_bodies = false;
SET xmloption = content;
SET client_min_messages = warning;
SET row_security = off;

--
-- TOC entry 852 (class 1247 OID 17244)
-- Name: enum_Requests_type; Type: TYPE; Schema: public; Owner: postgres
--

CREATE TYPE public."enum_Requests_type" AS ENUM (
    'Work',
    'Personal'
);


ALTER TYPE public."enum_Requests_type" OWNER TO postgres;

SET default_tablespace = '';

SET default_table_access_method = heap;

--
-- TOC entry 218 (class 1259 OID 17207)
-- Name: Duties; Type: TABLE; Schema: public; Owner: postgres
--

CREATE TABLE public."Duties" (
    id integer NOT NULL,
    date date NOT NULL,
    "memberId" integer,
    "roleInstanceId" integer NOT NULL,
    "scheduleId" integer NOT NULL,
    "createdAt" timestamp with time zone NOT NULL,
    "updatedAt" timestamp with time zone NOT NULL
);


ALTER TABLE public."Duties" OWNER TO postgres;

--
-- TOC entry 217 (class 1259 OID 17206)
-- Name: Duties_id_seq; Type: SEQUENCE; Schema: public; Owner: postgres
--

CREATE SEQUENCE public."Duties_id_seq"
    AS integer
    START WITH 1
    INCREMENT BY 1
    NO MINVALUE
    NO MAXVALUE
    CACHE 1;


ALTER TABLE public."Duties_id_seq" OWNER TO postgres;

--
-- TOC entry 3390 (class 0 OID 0)
-- Dependencies: 217
-- Name: Duties_id_seq; Type: SEQUENCE OWNED BY; Schema: public; Owner: postgres
--

ALTER SEQUENCE public."Duties_id_seq" OWNED BY public."Duties".id;


--
-- TOC entry 210 (class 1259 OID 17165)
-- Name: Members; Type: TABLE; Schema: public; Owner: postgres
--

CREATE TABLE public."Members" (
    id integer NOT NULL,
    callsign character varying(255) NOT NULL,
    sqn character varying(255) NOT NULL,
    type character varying(255) NOT NULL,
    "createdAt" timestamp with time zone NOT NULL,
    "updatedAt" timestamp with time zone NOT NULL
);


ALTER TABLE public."Members" OWNER TO postgres;

--
-- TOC entry 209 (class 1259 OID 17164)
-- Name: Members_id_seq; Type: SEQUENCE; Schema: public; Owner: postgres
--

CREATE SEQUENCE public."Members_id_seq"
    AS integer
    START WITH 1
    INCREMENT BY 1
    NO MINVALUE
    NO MAXVALUE
    CACHE 1;


ALTER TABLE public."Members_id_seq" OWNER TO postgres;

--
-- TOC entry 3391 (class 0 OID 0)
-- Dependencies: 209
-- Name: Members_id_seq; Type: SEQUENCE OWNED BY; Schema: public; Owner: postgres
--

ALTER SEQUENCE public."Members_id_seq" OWNED BY public."Members".id;


--
-- TOC entry 219 (class 1259 OID 17228)
-- Name: Qualifications; Type: TABLE; Schema: public; Owner: postgres
--

CREATE TABLE public."Qualifications" (
    "memberId" integer NOT NULL,
    "roleId" integer NOT NULL,
    "createdAt" timestamp with time zone NOT NULL,
    "updatedAt" timestamp with time zone NOT NULL
);


ALTER TABLE public."Qualifications" OWNER TO postgres;

--
-- TOC entry 221 (class 1259 OID 17250)
-- Name: Requests; Type: TABLE; Schema: public; Owner: postgres
--

CREATE TABLE public."Requests" (
    id integer NOT NULL,
    "startDate" timestamp with time zone,
    "endDate" timestamp with time zone,
    reason character varying(255) NOT NULL,
    "memberId" integer NOT NULL,
    type public."enum_Requests_type" NOT NULL,
    "createdAt" timestamp with time zone NOT NULL,
    "updatedAt" timestamp with time zone NOT NULL
);


ALTER TABLE public."Requests" OWNER TO postgres;

--
-- TOC entry 220 (class 1259 OID 17249)
-- Name: Requests_id_seq; Type: SEQUENCE; Schema: public; Owner: postgres
--

CREATE SEQUENCE public."Requests_id_seq"
    AS integer
    START WITH 1
    INCREMENT BY 1
    NO MINVALUE
    NO MAXVALUE
    CACHE 1;


ALTER TABLE public."Requests_id_seq" OWNER TO postgres;

--
-- TOC entry 3392 (class 0 OID 0)
-- Dependencies: 220
-- Name: Requests_id_seq; Type: SEQUENCE OWNED BY; Schema: public; Owner: postgres
--

ALTER SEQUENCE public."Requests_id_seq" OWNED BY public."Requests".id;


--
-- TOC entry 214 (class 1259 OID 17185)
-- Name: RoleInstances; Type: TABLE; Schema: public; Owner: postgres
--

CREATE TABLE public."RoleInstances" (
    id integer NOT NULL,
    "roleId" integer NOT NULL,
    description character varying(255) NOT NULL,
    "createdAt" timestamp with time zone NOT NULL,
    "updatedAt" timestamp with time zone NOT NULL
);


ALTER TABLE public."RoleInstances" OWNER TO postgres;

--
-- TOC entry 213 (class 1259 OID 17184)
-- Name: RoleInstances_id_seq; Type: SEQUENCE; Schema: public; Owner: postgres
--

CREATE SEQUENCE public."RoleInstances_id_seq"
    AS integer
    START WITH 1
    INCREMENT BY 1
    NO MINVALUE
    NO MAXVALUE
    CACHE 1;


ALTER TABLE public."RoleInstances_id_seq" OWNER TO postgres;

--
-- TOC entry 3393 (class 0 OID 0)
-- Dependencies: 213
-- Name: RoleInstances_id_seq; Type: SEQUENCE OWNED BY; Schema: public; Owner: postgres
--

ALTER SEQUENCE public."RoleInstances_id_seq" OWNED BY public."RoleInstances".id;


--
-- TOC entry 212 (class 1259 OID 17176)
-- Name: Roles; Type: TABLE; Schema: public; Owner: postgres
--

CREATE TABLE public."Roles" (
    id integer NOT NULL,
    name character varying(255) NOT NULL,
    "createdAt" timestamp with time zone NOT NULL,
    "updatedAt" timestamp with time zone NOT NULL
);


ALTER TABLE public."Roles" OWNER TO postgres;

--
-- TOC entry 211 (class 1259 OID 17175)
-- Name: Roles_id_seq; Type: SEQUENCE; Schema: public; Owner: postgres
--

CREATE SEQUENCE public."Roles_id_seq"
    AS integer
    START WITH 1
    INCREMENT BY 1
    NO MINVALUE
    NO MAXVALUE
    CACHE 1;


ALTER TABLE public."Roles_id_seq" OWNER TO postgres;

--
-- TOC entry 3394 (class 0 OID 0)
-- Dependencies: 211
-- Name: Roles_id_seq; Type: SEQUENCE OWNED BY; Schema: public; Owner: postgres
--

ALTER SEQUENCE public."Roles_id_seq" OWNED BY public."Roles".id;


--
-- TOC entry 216 (class 1259 OID 17197)
-- Name: Schedules; Type: TABLE; Schema: public; Owner: postgres
--

CREATE TABLE public."Schedules" (
    id integer NOT NULL,
    "isPublished" boolean DEFAULT false,
    month date NOT NULL,
    "createdAt" timestamp with time zone NOT NULL,
    "updatedAt" timestamp with time zone NOT NULL
);


ALTER TABLE public."Schedules" OWNER TO postgres;

--
-- TOC entry 215 (class 1259 OID 17196)
-- Name: Schedules_id_seq; Type: SEQUENCE; Schema: public; Owner: postgres
--

CREATE SEQUENCE public."Schedules_id_seq"
    AS integer
    START WITH 1
    INCREMENT BY 1
    NO MINVALUE
    NO MAXVALUE
    CACHE 1;


ALTER TABLE public."Schedules_id_seq" OWNER TO postgres;

--
-- TOC entry 3395 (class 0 OID 0)
-- Dependencies: 215
-- Name: Schedules_id_seq; Type: SEQUENCE OWNED BY; Schema: public; Owner: postgres
--

ALTER SEQUENCE public."Schedules_id_seq" OWNED BY public."Schedules".id;


--
-- TOC entry 3204 (class 2604 OID 17210)
-- Name: Duties id; Type: DEFAULT; Schema: public; Owner: postgres
--

ALTER TABLE ONLY public."Duties" ALTER COLUMN id SET DEFAULT nextval('public."Duties_id_seq"'::regclass);


--
-- TOC entry 3199 (class 2604 OID 17168)
-- Name: Members id; Type: DEFAULT; Schema: public; Owner: postgres
--

ALTER TABLE ONLY public."Members" ALTER COLUMN id SET DEFAULT nextval('public."Members_id_seq"'::regclass);


--
-- TOC entry 3205 (class 2604 OID 17253)
-- Name: Requests id; Type: DEFAULT; Schema: public; Owner: postgres
--

ALTER TABLE ONLY public."Requests" ALTER COLUMN id SET DEFAULT nextval('public."Requests_id_seq"'::regclass);


--
-- TOC entry 3201 (class 2604 OID 17188)
-- Name: RoleInstances id; Type: DEFAULT; Schema: public; Owner: postgres
--

ALTER TABLE ONLY public."RoleInstances" ALTER COLUMN id SET DEFAULT nextval('public."RoleInstances_id_seq"'::regclass);


--
-- TOC entry 3200 (class 2604 OID 17179)
-- Name: Roles id; Type: DEFAULT; Schema: public; Owner: postgres
--

ALTER TABLE ONLY public."Roles" ALTER COLUMN id SET DEFAULT nextval('public."Roles_id_seq"'::regclass);


--
-- TOC entry 3202 (class 2604 OID 17200)
-- Name: Schedules id; Type: DEFAULT; Schema: public; Owner: postgres
--

ALTER TABLE ONLY public."Schedules" ALTER COLUMN id SET DEFAULT nextval('public."Schedules_id_seq"'::regclass);


--
-- TOC entry 3381 (class 0 OID 17207)
-- Dependencies: 218
-- Data for Name: Duties; Type: TABLE DATA; Schema: public; Owner: postgres
--

COPY public."Duties" (id, date, "memberId", "roleInstanceId", "scheduleId", "createdAt", "updatedAt") FROM stdin;
1	2022-01-01	28	1	1	2022-07-05 07:01:33.038+00	2022-07-05 07:01:33.038+00
2	2022-01-01	26	2	1	2022-07-05 07:01:33.038+00	2022-07-05 07:01:33.038+00
3	2022-01-01	19	3	1	2022-07-05 07:01:33.038+00	2022-07-05 07:01:33.038+00
4	2022-01-01	17	4	1	2022-07-05 07:01:33.038+00	2022-07-05 07:01:33.038+00
5	2022-01-01	25	5	1	2022-07-05 07:01:33.038+00	2022-07-05 07:01:33.038+00
6	2022-01-01	13	6	1	2022-07-05 07:01:33.038+00	2022-07-05 07:01:33.038+00
7	2022-01-01	12	7	1	2022-07-05 07:01:33.038+00	2022-07-05 07:01:33.038+00
8	2022-01-01	2	8	1	2022-07-05 07:01:33.038+00	2022-07-05 07:01:33.038+00
9	2022-01-02	34	1	1	2022-07-05 07:01:33.038+00	2022-07-05 07:01:33.038+00
10	2022-01-02	32	2	1	2022-07-05 07:01:33.038+00	2022-07-05 07:01:33.038+00
11	2022-01-02	8	3	1	2022-07-05 07:01:33.038+00	2022-07-05 07:01:33.038+00
12	2022-01-02	20	4	1	2022-07-05 07:01:33.038+00	2022-07-05 07:01:33.038+00
13	2022-01-02	9	5	1	2022-07-05 07:01:33.038+00	2022-07-05 07:01:33.038+00
14	2022-01-02	27	6	1	2022-07-05 07:01:33.038+00	2022-07-05 07:01:33.038+00
15	2022-01-02	37	7	1	2022-07-05 07:01:33.038+00	2022-07-05 07:01:33.038+00
16	2022-01-02	13	8	1	2022-07-05 07:01:33.038+00	2022-07-05 07:01:33.038+00
17	2022-01-03	36	1	1	2022-07-05 07:01:33.038+00	2022-07-05 07:01:33.038+00
18	2022-01-03	7	2	1	2022-07-05 07:01:33.038+00	2022-07-05 07:01:33.038+00
19	2022-01-03	26	4	1	2022-07-05 07:01:33.038+00	2022-07-05 07:01:33.038+00
20	2022-01-03	35	3	1	2022-07-05 07:01:33.038+00	2022-07-05 07:01:33.038+00
21	2022-01-03	21	5	1	2022-07-05 07:01:33.038+00	2022-07-05 07:01:33.038+00
22	2022-01-03	22	7	1	2022-07-05 07:01:33.038+00	2022-07-05 07:01:33.038+00
23	2022-01-03	7	6	1	2022-07-05 07:01:33.038+00	2022-07-05 07:01:33.038+00
24	2022-01-03	25	8	1	2022-07-05 07:01:33.038+00	2022-07-05 07:01:33.038+00
25	2022-01-04	2	1	1	2022-07-05 07:01:33.038+00	2022-07-05 07:01:33.038+00
26	2022-01-04	8	2	1	2022-07-05 07:01:33.038+00	2022-07-05 07:01:33.038+00
27	2022-01-04	34	3	1	2022-07-05 07:01:33.038+00	2022-07-05 07:01:33.038+00
28	2022-01-04	14	4	1	2022-07-05 07:01:33.038+00	2022-07-05 07:01:33.038+00
29	2022-01-04	21	5	1	2022-07-05 07:01:33.039+00	2022-07-05 07:01:33.039+00
30	2022-01-04	36	6	1	2022-07-05 07:01:33.039+00	2022-07-05 07:01:33.039+00
31	2022-01-04	13	7	1	2022-07-05 07:01:33.039+00	2022-07-05 07:01:33.039+00
32	2022-01-05	38	1	1	2022-07-05 07:01:33.039+00	2022-07-05 07:01:33.039+00
33	2022-01-05	3	2	1	2022-07-05 07:01:33.039+00	2022-07-05 07:01:33.039+00
34	2022-01-05	23	3	1	2022-07-05 07:01:33.039+00	2022-07-05 07:01:33.039+00
35	2022-01-04	24	8	1	2022-07-05 07:01:33.039+00	2022-07-05 07:01:33.039+00
36	2022-01-05	5	4	1	2022-07-05 07:01:33.039+00	2022-07-05 07:01:33.039+00
37	2022-01-05	31	5	1	2022-07-05 07:01:33.039+00	2022-07-05 07:01:33.039+00
38	2022-01-05	19	6	1	2022-07-05 07:01:33.039+00	2022-07-05 07:01:33.039+00
39	2022-01-05	25	7	1	2022-07-05 07:01:33.039+00	2022-07-05 07:01:33.039+00
40	2022-01-05	28	8	1	2022-07-05 07:01:33.039+00	2022-07-05 07:01:33.039+00
41	2022-01-06	26	1	1	2022-07-05 07:01:33.039+00	2022-07-05 07:01:33.039+00
42	2022-01-06	30	2	1	2022-07-05 07:01:33.039+00	2022-07-05 07:01:33.039+00
43	2022-01-06	8	3	1	2022-07-05 07:01:33.039+00	2022-07-05 07:01:33.039+00
44	2022-01-06	19	4	1	2022-07-05 07:01:33.039+00	2022-07-05 07:01:33.039+00
45	2022-01-06	7	5	1	2022-07-05 07:01:33.04+00	2022-07-05 07:01:33.04+00
46	2022-01-06	1	6	1	2022-07-05 07:01:33.04+00	2022-07-05 07:01:33.04+00
47	2022-01-06	25	7	1	2022-07-05 07:01:33.04+00	2022-07-05 07:01:33.04+00
48	2022-01-06	31	8	1	2022-07-05 07:01:33.04+00	2022-07-05 07:01:33.04+00
49	2022-01-07	26	1	1	2022-07-05 07:01:33.04+00	2022-07-05 07:01:33.04+00
50	2022-01-07	38	2	1	2022-07-05 07:01:33.04+00	2022-07-05 07:01:33.04+00
51	2022-01-07	11	3	1	2022-07-05 07:01:33.04+00	2022-07-05 07:01:33.04+00
52	2022-01-07	3	4	1	2022-07-05 07:01:33.04+00	2022-07-05 07:01:33.04+00
53	2022-01-07	25	5	1	2022-07-05 07:01:33.04+00	2022-07-05 07:01:33.04+00
55	2022-01-07	38	8	1	2022-07-05 07:01:33.04+00	2022-07-05 07:01:33.04+00
56	2022-01-08	11	1	1	2022-07-05 07:01:33.04+00	2022-07-05 07:01:33.04+00
57	2022-01-07	35	7	1	2022-07-05 07:01:33.04+00	2022-07-05 07:01:33.04+00
58	2022-01-08	4	2	1	2022-07-05 07:01:33.04+00	2022-07-05 07:01:33.04+00
59	2022-01-08	31	3	1	2022-07-05 07:01:33.04+00	2022-07-05 07:01:33.04+00
60	2022-01-08	35	4	1	2022-07-05 07:01:33.04+00	2022-07-05 07:01:33.04+00
61	2022-01-08	30	5	1	2022-07-05 07:01:33.04+00	2022-07-05 07:01:33.04+00
62	2022-01-08	26	6	1	2022-07-05 07:01:33.04+00	2022-07-05 07:01:33.04+00
63	2022-01-08	22	7	1	2022-07-05 07:01:33.04+00	2022-07-05 07:01:33.04+00
64	2022-01-08	12	8	1	2022-07-05 07:01:33.04+00	2022-07-05 07:01:33.04+00
65	2022-01-09	16	1	1	2022-07-05 07:01:33.04+00	2022-07-05 07:01:33.04+00
66	2022-01-09	1	2	1	2022-07-05 07:01:33.04+00	2022-07-05 07:01:33.04+00
67	2022-01-09	23	3	1	2022-07-05 07:01:33.04+00	2022-07-05 07:01:33.04+00
68	2022-01-09	1	4	1	2022-07-05 07:01:33.04+00	2022-07-05 07:01:33.04+00
69	2022-01-09	6	5	1	2022-07-05 07:01:33.04+00	2022-07-05 07:01:33.04+00
70	2022-01-09	14	6	1	2022-07-05 07:01:33.04+00	2022-07-05 07:01:33.04+00
71	2022-01-09	38	7	1	2022-07-05 07:01:33.04+00	2022-07-05 07:01:33.04+00
72	2022-01-09	33	8	1	2022-07-05 07:01:33.04+00	2022-07-05 07:01:33.04+00
73	2022-01-10	25	1	1	2022-07-05 07:01:33.041+00	2022-07-05 07:01:33.041+00
74	2022-01-10	20	2	1	2022-07-05 07:01:33.041+00	2022-07-05 07:01:33.041+00
75	2022-01-10	27	3	1	2022-07-05 07:01:33.041+00	2022-07-05 07:01:33.041+00
76	2022-01-10	33	4	1	2022-07-05 07:01:33.041+00	2022-07-05 07:01:33.041+00
77	2022-01-10	2	5	1	2022-07-05 07:01:33.041+00	2022-07-05 07:01:33.041+00
78	2022-01-10	25	6	1	2022-07-05 07:01:33.041+00	2022-07-05 07:01:33.041+00
79	2022-01-10	4	7	1	2022-07-05 07:01:33.041+00	2022-07-05 07:01:33.041+00
80	2022-01-10	30	8	1	2022-07-05 07:01:33.041+00	2022-07-05 07:01:33.041+00
81	2022-01-11	34	1	1	2022-07-05 07:01:33.041+00	2022-07-05 07:01:33.041+00
82	2022-01-11	23	2	1	2022-07-05 07:01:33.041+00	2022-07-05 07:01:33.041+00
83	2022-01-11	27	3	1	2022-07-05 07:01:33.041+00	2022-07-05 07:01:33.041+00
84	2022-01-11	27	4	1	2022-07-05 07:01:33.041+00	2022-07-05 07:01:33.041+00
85	2022-01-11	17	5	1	2022-07-05 07:01:33.041+00	2022-07-05 07:01:33.041+00
86	2022-01-11	27	6	1	2022-07-05 07:01:33.041+00	2022-07-05 07:01:33.041+00
87	2022-01-11	18	7	1	2022-07-05 07:01:33.041+00	2022-07-05 07:01:33.041+00
88	2022-01-11	25	8	1	2022-07-05 07:01:33.042+00	2022-07-05 07:01:33.042+00
89	2022-01-12	16	1	1	2022-07-05 07:01:33.042+00	2022-07-05 07:01:33.042+00
90	2022-01-12	18	2	1	2022-07-05 07:01:33.042+00	2022-07-05 07:01:33.042+00
91	2022-01-12	35	3	1	2022-07-05 07:01:33.042+00	2022-07-05 07:01:33.042+00
92	2022-01-12	21	4	1	2022-07-05 07:01:33.042+00	2022-07-05 07:01:33.042+00
94	2022-01-12	10	6	1	2022-07-05 07:01:33.042+00	2022-07-05 07:01:33.042+00
95	2022-01-12	31	7	1	2022-07-05 07:01:33.042+00	2022-07-05 07:01:33.042+00
96	2022-01-12	36	8	1	2022-07-05 07:01:33.042+00	2022-07-05 07:01:33.042+00
97	2022-01-13	24	1	1	2022-07-05 07:01:33.042+00	2022-07-05 07:01:33.042+00
98	2022-01-13	9	2	1	2022-07-05 07:01:33.042+00	2022-07-05 07:01:33.042+00
99	2022-01-13	6	3	1	2022-07-05 07:01:33.048+00	2022-07-05 07:01:33.048+00
100	2022-01-13	25	4	1	2022-07-05 07:01:33.048+00	2022-07-05 07:01:33.048+00
101	2022-01-13	17	5	1	2022-07-05 07:01:33.048+00	2022-07-05 07:01:33.048+00
102	2022-01-13	23	6	1	2022-07-05 07:01:33.048+00	2022-07-05 07:01:33.048+00
103	2022-01-13	34	7	1	2022-07-05 07:01:33.048+00	2022-07-05 07:01:33.048+00
104	2022-01-13	6	8	1	2022-07-05 07:01:33.048+00	2022-07-05 07:01:33.048+00
105	2022-01-14	13	1	1	2022-07-05 07:01:33.048+00	2022-07-05 07:01:33.048+00
106	2022-01-14	3	2	1	2022-07-05 07:01:33.048+00	2022-07-05 07:01:33.048+00
107	2022-01-14	13	3	1	2022-07-05 07:01:33.048+00	2022-07-05 07:01:33.048+00
108	2022-01-14	34	4	1	2022-07-05 07:01:33.048+00	2022-07-05 07:01:33.048+00
109	2022-01-14	13	5	1	2022-07-05 07:01:33.048+00	2022-07-05 07:01:33.048+00
110	2022-01-14	25	6	1	2022-07-05 07:01:33.048+00	2022-07-05 07:01:33.048+00
111	2022-01-14	22	7	1	2022-07-05 07:01:33.048+00	2022-07-05 07:01:33.048+00
112	2022-01-14	35	8	1	2022-07-05 07:01:33.048+00	2022-07-05 07:01:33.048+00
113	2022-01-15	24	1	1	2022-07-05 07:01:33.048+00	2022-07-05 07:01:33.048+00
114	2022-01-15	10	2	1	2022-07-05 07:01:33.048+00	2022-07-05 07:01:33.048+00
115	2022-01-15	6	3	1	2022-07-05 07:01:33.048+00	2022-07-05 07:01:33.048+00
116	2022-01-15	22	4	1	2022-07-05 07:01:33.048+00	2022-07-05 07:01:33.048+00
117	2022-01-15	18	5	1	2022-07-05 07:01:33.048+00	2022-07-05 07:01:33.048+00
118	2022-01-15	25	6	1	2022-07-05 07:01:33.048+00	2022-07-05 07:01:33.048+00
119	2022-01-15	9	7	1	2022-07-05 07:01:33.048+00	2022-07-05 07:01:33.048+00
120	2022-01-15	6	8	1	2022-07-05 07:01:33.048+00	2022-07-05 07:01:33.048+00
121	2022-01-16	3	1	1	2022-07-05 07:01:33.048+00	2022-07-05 07:01:33.048+00
125	2022-01-16	37	5	1	2022-07-05 07:01:33.049+00	2022-07-05 07:01:33.049+00
129	2022-01-17	17	1	1	2022-07-05 07:01:33.049+00	2022-07-05 07:01:33.049+00
133	2022-01-17	8	5	1	2022-07-05 07:01:33.049+00	2022-07-05 07:01:33.049+00
137	2022-01-18	4	1	1	2022-07-05 07:01:33.05+00	2022-07-05 07:01:33.05+00
141	2022-01-18	29	5	1	2022-07-05 07:01:33.05+00	2022-07-05 07:01:33.05+00
145	2022-01-19	28	1	1	2022-07-05 07:01:33.05+00	2022-07-05 07:01:33.05+00
149	2022-01-19	20	5	1	2022-07-05 07:01:33.05+00	2022-07-05 07:01:33.05+00
153	2022-01-20	15	1	1	2022-07-05 07:01:33.05+00	2022-07-05 07:01:33.05+00
161	2022-01-21	20	1	1	2022-07-05 07:01:33.05+00	2022-07-05 07:01:33.05+00
164	2022-01-21	18	4	1	2022-07-05 07:01:33.05+00	2022-07-05 07:01:33.05+00
168	2022-01-21	32	8	1	2022-07-05 07:01:33.055+00	2022-07-05 07:01:33.055+00
171	2022-01-22	32	3	1	2022-07-05 07:01:33.056+00	2022-07-05 07:01:33.056+00
175	2022-01-22	25	7	1	2022-07-05 07:01:33.056+00	2022-07-05 07:01:33.056+00
183	2022-01-23	37	7	1	2022-07-05 07:01:33.056+00	2022-07-05 07:01:33.056+00
186	2022-01-24	22	2	1	2022-07-05 07:01:33.056+00	2022-07-05 07:01:33.056+00
190	2022-01-24	13	6	1	2022-07-05 07:01:33.056+00	2022-07-05 07:01:33.056+00
194	2022-01-25	32	2	1	2022-07-05 07:01:33.056+00	2022-07-05 07:01:33.056+00
198	2022-01-25	29	6	1	2022-07-05 07:01:33.056+00	2022-07-05 07:01:33.056+00
202	2022-01-26	27	2	1	2022-07-05 07:01:33.057+00	2022-07-05 07:01:33.057+00
205	2022-01-26	21	5	1	2022-07-05 07:01:33.057+00	2022-07-05 07:01:33.057+00
209	2022-01-27	34	1	1	2022-07-05 07:01:33.057+00	2022-07-05 07:01:33.057+00
212	2022-01-27	3	4	1	2022-07-05 07:01:33.057+00	2022-07-05 07:01:33.057+00
217	2022-01-28	33	1	1	2022-07-05 07:01:33.058+00	2022-07-05 07:01:33.058+00
223	2022-01-28	38	7	1	2022-07-05 07:01:33.059+00	2022-07-05 07:01:33.059+00
227	2022-01-29	30	3	1	2022-07-05 07:01:33.059+00	2022-07-05 07:01:33.059+00
231	2022-01-29	14	7	1	2022-07-05 07:01:33.059+00	2022-07-05 07:01:33.059+00
235	2022-01-30	7	3	1	2022-07-05 07:01:33.059+00	2022-07-05 07:01:33.059+00
239	2022-01-30	34	7	1	2022-07-05 07:01:33.059+00	2022-07-05 07:01:33.059+00
243	2022-01-31	20	3	1	2022-07-05 07:01:33.059+00	2022-07-05 07:01:33.059+00
247	2022-01-31	11	7	1	2022-07-05 07:01:33.059+00	2022-07-05 07:01:33.059+00
122	2022-01-16	38	2	1	2022-07-05 07:01:33.048+00	2022-07-05 07:01:33.048+00
126	2022-01-16	36	6	1	2022-07-05 07:01:33.049+00	2022-07-05 07:01:33.049+00
130	2022-01-17	32	2	1	2022-07-05 07:01:33.049+00	2022-07-05 07:01:33.049+00
134	2022-01-17	37	6	1	2022-07-05 07:01:33.05+00	2022-07-05 07:01:33.05+00
138	2022-01-18	27	2	1	2022-07-05 07:01:33.05+00	2022-07-05 07:01:33.05+00
142	2022-01-18	29	6	1	2022-07-05 07:01:33.05+00	2022-07-05 07:01:33.05+00
146	2022-01-19	26	2	1	2022-07-05 07:01:33.05+00	2022-07-05 07:01:33.05+00
154	2022-01-20	7	2	1	2022-07-05 07:01:33.05+00	2022-07-05 07:01:33.05+00
158	2022-01-20	30	6	1	2022-07-05 07:01:33.05+00	2022-07-05 07:01:33.05+00
165	2022-01-21	25	5	1	2022-07-05 07:01:33.05+00	2022-07-05 07:01:33.05+00
172	2022-01-22	20	4	1	2022-07-05 07:01:33.056+00	2022-07-05 07:01:33.056+00
176	2022-01-22	33	8	1	2022-07-05 07:01:33.056+00	2022-07-05 07:01:33.056+00
180	2022-01-23	4	4	1	2022-07-05 07:01:33.056+00	2022-07-05 07:01:33.056+00
187	2022-01-24	27	3	1	2022-07-05 07:01:33.056+00	2022-07-05 07:01:33.056+00
191	2022-01-24	26	7	1	2022-07-05 07:01:33.056+00	2022-07-05 07:01:33.056+00
195	2022-01-25	36	3	1	2022-07-05 07:01:33.056+00	2022-07-05 07:01:33.056+00
199	2022-01-25	19	7	1	2022-07-05 07:01:33.056+00	2022-07-05 07:01:33.056+00
206	2022-01-26	6	6	1	2022-07-05 07:01:33.057+00	2022-07-05 07:01:33.057+00
214	2022-01-27	12	6	1	2022-07-05 07:01:33.058+00	2022-07-05 07:01:33.058+00
219	2022-01-28	34	3	1	2022-07-05 07:01:33.058+00	2022-07-05 07:01:33.058+00
225	2022-01-29	15	1	1	2022-07-05 07:01:33.059+00	2022-07-05 07:01:33.059+00
233	2022-01-30	18	1	1	2022-07-05 07:01:33.059+00	2022-07-05 07:01:33.059+00
241	2022-01-31	15	1	1	2022-07-05 07:01:33.059+00	2022-07-05 07:01:33.059+00
248	2022-01-31	16	8	1	2022-07-05 07:01:33.059+00	2022-07-05 07:01:33.059+00
123	2022-01-16	13	3	1	2022-07-05 07:01:33.048+00	2022-07-05 07:01:33.048+00
131	2022-01-17	23	3	1	2022-07-05 07:01:33.049+00	2022-07-05 07:01:33.049+00
139	2022-01-18	20	3	1	2022-07-05 07:01:33.05+00	2022-07-05 07:01:33.05+00
147	2022-01-19	38	3	1	2022-07-05 07:01:33.05+00	2022-07-05 07:01:33.05+00
155	2022-01-20	19	3	1	2022-07-05 07:01:33.05+00	2022-07-05 07:01:33.05+00
162	2022-01-21	20	2	1	2022-07-05 07:01:33.05+00	2022-07-05 07:01:33.05+00
169	2022-01-22	29	1	1	2022-07-05 07:01:33.056+00	2022-07-05 07:01:33.056+00
177	2022-01-23	24	1	1	2022-07-05 07:01:33.056+00	2022-07-05 07:01:33.056+00
192	2022-01-24	21	8	1	2022-07-05 07:01:33.056+00	2022-07-05 07:01:33.056+00
200	2022-01-25	38	8	1	2022-07-05 07:01:33.056+00	2022-07-05 07:01:33.056+00
207	2022-01-26	27	7	1	2022-07-05 07:01:33.057+00	2022-07-05 07:01:33.057+00
215	2022-01-27	4	7	1	2022-07-05 07:01:33.058+00	2022-07-05 07:01:33.058+00
229	2022-01-29	35	5	1	2022-07-05 07:01:33.059+00	2022-07-05 07:01:33.059+00
237	2022-01-30	14	5	1	2022-07-05 07:01:33.059+00	2022-07-05 07:01:33.059+00
245	2022-01-31	1	5	1	2022-07-05 07:01:33.059+00	2022-07-05 07:01:33.059+00
124	2022-01-16	23	4	1	2022-07-05 07:01:33.049+00	2022-07-05 07:01:33.049+00
128	2022-01-16	8	8	1	2022-07-05 07:01:33.049+00	2022-07-05 07:01:33.049+00
132	2022-01-17	13	4	1	2022-07-05 07:01:33.049+00	2022-07-05 07:01:33.049+00
136	2022-01-17	10	8	1	2022-07-05 07:01:33.05+00	2022-07-05 07:01:33.05+00
140	2022-01-18	33	4	1	2022-07-05 07:01:33.05+00	2022-07-05 07:01:33.05+00
144	2022-01-18	4	8	1	2022-07-05 07:01:33.05+00	2022-07-05 07:01:33.05+00
148	2022-01-19	37	4	1	2022-07-05 07:01:33.05+00	2022-07-05 07:01:33.05+00
152	2022-01-19	27	8	1	2022-07-05 07:01:33.05+00	2022-07-05 07:01:33.05+00
156	2022-01-20	32	4	1	2022-07-05 07:01:33.05+00	2022-07-05 07:01:33.05+00
163	2022-01-21	10	3	1	2022-07-05 07:01:33.05+00	2022-07-05 07:01:33.05+00
167	2022-01-21	36	7	1	2022-07-05 07:01:33.05+00	2022-07-05 07:01:33.05+00
170	2022-01-22	36	2	1	2022-07-05 07:01:33.056+00	2022-07-05 07:01:33.056+00
174	2022-01-22	24	6	1	2022-07-05 07:01:33.056+00	2022-07-05 07:01:33.056+00
178	2022-01-23	14	2	1	2022-07-05 07:01:33.056+00	2022-07-05 07:01:33.056+00
182	2022-01-23	7	6	1	2022-07-05 07:01:33.056+00	2022-07-05 07:01:33.056+00
185	2022-01-24	16	1	1	2022-07-05 07:01:33.056+00	2022-07-05 07:01:33.056+00
189	2022-01-24	6	5	1	2022-07-05 07:01:33.056+00	2022-07-05 07:01:33.056+00
193	2022-01-25	37	1	1	2022-07-05 07:01:33.056+00	2022-07-05 07:01:33.056+00
197	2022-01-25	36	5	1	2022-07-05 07:01:33.056+00	2022-07-05 07:01:33.056+00
201	2022-01-26	10	1	1	2022-07-05 07:01:33.056+00	2022-07-05 07:01:33.056+00
204	2022-01-26	12	4	1	2022-07-05 07:01:33.057+00	2022-07-05 07:01:33.057+00
208	2022-01-26	10	8	1	2022-07-05 07:01:33.057+00	2022-07-05 07:01:33.057+00
211	2022-01-27	31	3	1	2022-07-05 07:01:33.057+00	2022-07-05 07:01:33.057+00
220	2022-01-28	33	4	1	2022-07-05 07:01:33.058+00	2022-07-05 07:01:33.058+00
222	2022-01-28	17	6	1	2022-07-05 07:01:33.059+00	2022-07-05 07:01:33.059+00
226	2022-01-29	19	2	1	2022-07-05 07:01:33.059+00	2022-07-05 07:01:33.059+00
230	2022-01-29	31	6	1	2022-07-05 07:01:33.059+00	2022-07-05 07:01:33.059+00
234	2022-01-30	22	2	1	2022-07-05 07:01:33.059+00	2022-07-05 07:01:33.059+00
238	2022-01-30	24	6	1	2022-07-05 07:01:33.059+00	2022-07-05 07:01:33.059+00
242	2022-01-31	11	2	1	2022-07-05 07:01:33.059+00	2022-07-05 07:01:33.059+00
246	2022-01-31	27	6	1	2022-07-05 07:01:33.059+00	2022-07-05 07:01:33.059+00
127	2022-01-16	6	7	1	2022-07-05 07:01:33.049+00	2022-07-05 07:01:33.049+00
135	2022-01-17	24	7	1	2022-07-05 07:01:33.05+00	2022-07-05 07:01:33.05+00
143	2022-01-18	17	7	1	2022-07-05 07:01:33.05+00	2022-07-05 07:01:33.05+00
151	2022-01-19	20	7	1	2022-07-05 07:01:33.05+00	2022-07-05 07:01:33.05+00
159	2022-01-20	11	7	1	2022-07-05 07:01:33.05+00	2022-07-05 07:01:33.05+00
166	2022-01-21	31	6	1	2022-07-05 07:01:33.05+00	2022-07-05 07:01:33.05+00
173	2022-01-22	14	5	1	2022-07-05 07:01:33.056+00	2022-07-05 07:01:33.056+00
181	2022-01-23	33	5	1	2022-07-05 07:01:33.056+00	2022-07-05 07:01:33.056+00
188	2022-01-24	33	4	1	2022-07-05 07:01:33.056+00	2022-07-05 07:01:33.056+00
196	2022-01-25	28	4	1	2022-07-05 07:01:33.056+00	2022-07-05 07:01:33.056+00
203	2022-01-26	26	3	1	2022-07-05 07:01:33.057+00	2022-07-05 07:01:33.057+00
210	2022-01-27	25	2	1	2022-07-05 07:01:33.057+00	2022-07-05 07:01:33.057+00
213	2022-01-27	20	5	1	2022-07-05 07:01:33.057+00	2022-07-05 07:01:33.057+00
218	2022-01-28	22	2	1	2022-07-05 07:01:33.058+00	2022-07-05 07:01:33.058+00
224	2022-01-28	7	8	1	2022-07-05 07:01:33.059+00	2022-07-05 07:01:33.059+00
228	2022-01-29	1	4	1	2022-07-05 07:01:33.059+00	2022-07-05 07:01:33.059+00
232	2022-01-29	32	8	1	2022-07-05 07:01:33.059+00	2022-07-05 07:01:33.059+00
236	2022-01-30	1	4	1	2022-07-05 07:01:33.059+00	2022-07-05 07:01:33.059+00
240	2022-01-30	2	8	1	2022-07-05 07:01:33.059+00	2022-07-05 07:01:33.059+00
244	2022-01-31	25	4	1	2022-07-05 07:01:33.059+00	2022-07-05 07:01:33.059+00
250	2022-07-02	21	1	2	2022-07-05 07:02:16.01+00	2022-07-05 07:04:33.59+00
251	2022-07-03	28	1	2	2022-07-05 07:02:16.01+00	2022-07-05 07:04:33.591+00
253	2022-07-05	29	1	2	2022-07-05 07:02:16.01+00	2022-07-05 07:04:33.597+00
280	2022-07-02	24	2	2	2022-07-05 07:02:16.011+00	2022-07-05 07:04:33.624+00
281	2022-07-03	6	2	2	2022-07-05 07:02:16.011+00	2022-07-05 07:04:33.627+00
282	2022-07-04	29	2	2	2022-07-05 07:02:16.011+00	2022-07-05 07:04:33.628+00
283	2022-07-05	33	2	2	2022-07-05 07:02:16.011+00	2022-07-05 07:04:33.629+00
311	2022-07-01	1	3	2	2022-07-05 07:02:16.012+00	2022-07-05 07:04:33.643+00
312	2022-07-02	5	3	2	2022-07-05 07:02:16.012+00	2022-07-05 07:04:33.645+00
313	2022-07-03	14	3	2	2022-07-05 07:02:16.012+00	2022-07-05 07:04:33.646+00
314	2022-07-04	5	3	2	2022-07-05 07:02:16.013+00	2022-07-05 07:04:33.647+00
342	2022-07-01	7	4	2	2022-07-05 07:02:16.014+00	2022-07-05 07:04:33.669+00
343	2022-07-02	23	4	2	2022-07-05 07:02:16.014+00	2022-07-05 07:04:33.67+00
344	2022-07-03	23	4	2	2022-07-05 07:02:16.014+00	2022-07-05 07:04:33.671+00
345	2022-07-04	20	4	2	2022-07-05 07:02:16.014+00	2022-07-05 07:04:33.672+00
346	2022-07-05	1	4	2	2022-07-05 07:02:16.014+00	2022-07-05 07:04:33.673+00
255	2022-07-07	24	1	2	2022-07-05 07:02:16.01+00	2022-07-05 07:12:26.528+00
256	2022-07-08	21	1	2	2022-07-05 07:02:16.01+00	2022-07-05 07:12:26.529+00
257	2022-07-09	24	1	2	2022-07-05 07:02:16.01+00	2022-07-05 07:12:26.53+00
258	2022-07-10	10	1	2	2022-07-05 07:02:16.01+00	2022-07-05 07:12:26.531+00
259	2022-07-11	13	1	2	2022-07-05 07:02:16.01+00	2022-07-05 07:12:26.532+00
261	2022-07-13	7	1	2	2022-07-05 07:02:16.01+00	2022-07-05 07:12:26.534+00
262	2022-07-14	22	1	2	2022-07-05 07:02:16.01+00	2022-07-05 07:12:26.535+00
263	2022-07-15	10	1	2	2022-07-05 07:02:16.01+00	2022-07-05 07:12:26.536+00
264	2022-07-17	33	1	2	2022-07-05 07:02:16.01+00	2022-07-05 07:12:26.537+00
266	2022-07-18	27	1	2	2022-07-05 07:02:16.01+00	2022-07-05 07:12:26.539+00
267	2022-07-19	6	1	2	2022-07-05 07:02:16.01+00	2022-07-05 07:12:26.54+00
285	2022-07-06	6	2	2	2022-07-05 07:02:16.011+00	2022-07-05 07:12:26.543+00
286	2022-07-07	29	2	2	2022-07-05 07:02:16.011+00	2022-07-05 07:12:26.544+00
287	2022-07-08	13	2	2	2022-07-05 07:02:16.011+00	2022-07-05 07:12:26.545+00
289	2022-07-10	28	2	2	2022-07-05 07:02:16.011+00	2022-07-05 07:12:26.547+00
290	2022-07-11	7	2	2	2022-07-05 07:02:16.011+00	2022-07-05 07:12:26.548+00
291	2022-07-12	33	2	2	2022-07-05 07:02:16.011+00	2022-07-05 07:12:26.55+00
292	2022-07-13	10	2	2	2022-07-05 07:02:16.011+00	2022-07-05 07:12:26.551+00
293	2022-07-14	1	2	2	2022-07-05 07:02:16.011+00	2022-07-05 07:12:26.551+00
295	2022-07-16	9	2	2	2022-07-05 07:02:16.011+00	2022-07-05 07:12:26.553+00
296	2022-07-17	28	2	2	2022-07-05 07:02:16.011+00	2022-07-05 07:12:26.554+00
297	2022-07-18	32	2	2	2022-07-05 07:02:16.011+00	2022-07-05 07:12:26.555+00
298	2022-07-19	10	2	2	2022-07-05 07:02:16.011+00	2022-07-05 07:12:26.556+00
317	2022-07-07	22	3	2	2022-07-05 07:02:16.013+00	2022-07-05 07:12:26.56+00
318	2022-07-08	20	3	2	2022-07-05 07:02:16.013+00	2022-07-05 07:12:26.561+00
319	2022-07-09	5	3	2	2022-07-05 07:02:16.013+00	2022-07-05 07:12:26.562+00
320	2022-07-10	20	3	2	2022-07-05 07:02:16.013+00	2022-07-05 07:12:26.563+00
321	2022-07-11	23	3	2	2022-07-05 07:02:16.013+00	2022-07-05 07:12:26.564+00
323	2022-07-13	28	3	2	2022-07-05 07:02:16.013+00	2022-07-05 07:12:26.566+00
324	2022-07-14	23	3	2	2022-07-05 07:02:16.013+00	2022-07-05 07:12:26.571+00
325	2022-07-15	7	3	2	2022-07-05 07:02:16.013+00	2022-07-05 07:12:26.573+00
326	2022-07-16	31	3	2	2022-07-05 07:02:16.013+00	2022-07-05 07:12:26.574+00
327	2022-07-17	11	3	2	2022-07-05 07:02:16.013+00	2022-07-05 07:12:26.576+00
347	2022-07-06	25	4	2	2022-07-05 07:02:16.014+00	2022-07-05 07:12:26.59+00
348	2022-07-07	23	4	2	2022-07-05 07:02:16.014+00	2022-07-05 07:12:26.597+00
349	2022-07-08	7	4	2	2022-07-05 07:02:16.014+00	2022-07-05 07:12:26.598+00
350	2022-07-09	1	4	2	2022-07-05 07:02:16.015+00	2022-07-05 07:12:26.599+00
352	2022-07-11	5	4	2	2022-07-05 07:02:16.015+00	2022-07-05 07:12:26.601+00
353	2022-07-12	22	4	2	2022-07-05 07:02:16.015+00	2022-07-05 07:12:26.604+00
354	2022-07-13	25	4	2	2022-07-05 07:02:16.015+00	2022-07-05 07:12:26.605+00
355	2022-07-14	5	4	2	2022-07-05 07:02:16.015+00	2022-07-05 07:12:26.606+00
356	2022-07-15	23	4	2	2022-07-05 07:02:16.015+00	2022-07-05 07:12:26.607+00
358	2022-07-17	5	4	2	2022-07-05 07:02:16.015+00	2022-07-05 07:12:26.609+00
359	2022-07-18	11	4	2	2022-07-05 07:02:16.015+00	2022-07-05 07:12:26.61+00
268	2022-07-20	32	1	2	2022-07-05 07:02:16.01+00	2022-07-05 07:17:00.188+00
269	2022-07-23	7	1	2	2022-07-05 07:02:16.01+00	2022-07-05 07:17:00.19+00
270	2022-07-24	9	1	2	2022-07-05 07:02:16.01+00	2022-07-05 07:17:00.191+00
272	2022-07-21	9	1	2	2022-07-05 07:02:16.01+00	2022-07-05 07:17:00.193+00
273	2022-07-26	13	1	2	2022-07-05 07:02:16.01+00	2022-07-05 07:17:00.194+00
274	2022-07-27	32	1	2	2022-07-05 07:02:16.011+00	2022-07-05 07:17:00.195+00
275	2022-07-22	13	1	2	2022-07-05 07:02:16.01+00	2022-07-05 07:17:00.196+00
300	2022-07-21	10	2	2	2022-07-05 07:02:16.011+00	2022-07-05 07:17:00.199+00
301	2022-07-22	27	2	2	2022-07-05 07:02:16.011+00	2022-07-05 07:17:00.2+00
302	2022-07-23	33	2	2	2022-07-05 07:02:16.012+00	2022-07-05 07:17:00.202+00
303	2022-07-24	31	2	2	2022-07-05 07:02:16.012+00	2022-07-05 07:17:00.203+00
304	2022-07-25	32	2	2	2022-07-05 07:02:16.012+00	2022-07-05 07:17:00.204+00
306	2022-07-27	25	2	2	2022-07-05 07:02:16.012+00	2022-07-05 07:17:00.206+00
329	2022-07-19	25	3	2	2022-07-05 07:02:16.013+00	2022-07-05 07:17:00.209+00
330	2022-07-20	29	3	2	2022-07-05 07:02:16.013+00	2022-07-05 07:17:00.211+00
331	2022-07-21	33	3	2	2022-07-05 07:02:16.013+00	2022-07-05 07:17:00.211+00
332	2022-07-22	25	3	2	2022-07-05 07:02:16.013+00	2022-07-05 07:17:00.212+00
334	2022-07-24	23	3	2	2022-07-05 07:02:16.013+00	2022-07-05 07:17:00.214+00
335	2022-07-25	22	3	2	2022-07-05 07:02:16.013+00	2022-07-05 07:17:00.215+00
336	2022-07-26	11	3	2	2022-07-05 07:02:16.013+00	2022-07-05 07:17:00.216+00
337	2022-07-27	31	3	2	2022-07-05 07:02:16.013+00	2022-07-05 07:17:00.217+00
361	2022-07-20	28	4	2	2022-07-05 07:02:16.015+00	2022-07-05 07:17:00.22+00
276	2022-07-28	29	1	2	2022-07-05 07:02:16.011+00	2022-07-05 07:23:09.703+00
277	2022-07-30	6	1	2	2022-07-05 07:02:16.011+00	2022-07-05 07:23:09.706+00
278	2022-07-31	27	1	2	2022-07-05 07:02:16.011+00	2022-07-05 07:23:09.707+00
279	2022-07-29	25	1	2	2022-07-05 07:02:16.011+00	2022-07-05 07:23:09.708+00
308	2022-07-29	29	2	2	2022-07-05 07:02:16.012+00	2022-07-05 07:23:09.71+00
309	2022-07-30	22	2	2	2022-07-05 07:02:16.012+00	2022-07-05 07:23:09.711+00
310	2022-07-31	13	2	2	2022-07-05 07:02:16.012+00	2022-07-05 07:23:09.712+00
338	2022-07-28	4	3	2	2022-07-05 07:02:16.013+00	2022-07-05 07:23:09.713+00
339	2022-07-29	5	3	2	2022-07-05 07:02:16.014+00	2022-07-05 07:23:09.714+00
341	2022-07-31	10	3	2	2022-07-05 07:02:16.014+00	2022-07-05 07:23:09.716+00
376	2022-07-10	36	5	2	2022-07-05 07:02:16.015+00	2022-07-05 07:12:26.613+00
381	2022-07-18	38	5	2	2022-07-05 07:02:16.016+00	2022-07-05 07:12:26.615+00
424	2022-07-10	15	8	2	2022-07-05 07:02:16.018+00	2022-07-05 07:12:26.62+00
428	2022-07-17	39	8	2	2022-07-05 07:02:16.018+00	2022-07-05 07:12:26.621+00
362	2022-07-21	14	4	2	2022-07-05 07:02:16.015+00	2022-07-05 07:17:00.228+00
366	2022-07-25	7	4	2	2022-07-05 07:02:16.015+00	2022-07-05 07:17:00.229+00
384	2022-07-22	38	5	2	2022-07-05 07:02:16.016+00	2022-07-05 07:17:00.23+00
432	2022-07-22	4	8	2	2022-07-05 07:02:16.019+00	2022-07-05 07:17:00.24+00
371	2022-07-30	31	4	2	2022-07-05 07:02:16.015+00	2022-07-05 07:23:09.727+00
388	2022-07-31	16	5	2	2022-07-05 07:02:16.016+00	2022-07-05 07:23:09.728+00
436	2022-07-31	39	8	2	2022-07-05 07:02:16.019+00	2022-07-05 07:23:09.731+00
392	2022-07-10	19	6	2	2022-07-05 07:02:16.016+00	2022-07-05 07:54:33.308+00
396	2022-07-17	37	6	2	2022-07-05 07:02:16.017+00	2022-07-05 07:54:33.31+00
408	2022-07-10	39	7	2	2022-07-05 07:02:16.017+00	2022-07-05 07:54:33.311+00
412	2022-07-17	8	7	2	2022-07-05 07:02:16.017+00	2022-07-05 07:54:33.32+00
400	2022-07-22	16	6	2	2022-07-05 07:02:16.017+00	2022-07-05 07:57:31.205+00
416	2022-07-22	39	7	2	2022-07-05 07:02:16.017+00	2022-07-05 07:57:31.209+00
404	2022-07-31	36	6	2	2022-07-05 07:02:16.017+00	2022-07-05 07:57:31.211+00
420	2022-07-31	15	7	2	2022-07-05 07:02:16.017+00	2022-07-05 07:57:31.212+00
374	2022-07-06	38	5	2	2022-07-05 07:02:16.015+00	2022-07-05 07:12:26.622+00
379	2022-07-16	38	5	2	2022-07-05 07:02:16.015+00	2022-07-05 07:12:26.623+00
422	2022-07-06	15	8	2	2022-07-05 07:02:16.018+00	2022-07-05 07:12:26.627+00
426	2022-07-14	16	8	2	2022-07-05 07:02:16.018+00	2022-07-05 07:12:26.628+00
363	2022-07-22	28	4	2	2022-07-05 07:02:16.015+00	2022-07-05 07:17:00.242+00
368	2022-07-27	28	4	2	2022-07-05 07:02:16.015+00	2022-07-05 07:17:00.243+00
430	2022-07-19	39	8	2	2022-07-05 07:02:16.018+00	2022-07-05 07:17:00.245+00
386	2022-07-28	36	5	2	2022-07-05 07:02:16.016+00	2022-07-05 07:23:09.733+00
434	2022-07-28	37	8	2	2022-07-05 07:02:16.019+00	2022-07-05 07:23:09.736+00
390	2022-07-06	16	6	2	2022-07-05 07:02:16.016+00	2022-07-05 07:54:33.324+00
394	2022-07-14	15	6	2	2022-07-05 07:02:16.017+00	2022-07-05 07:54:33.325+00
406	2022-07-06	39	7	2	2022-07-05 07:02:16.017+00	2022-07-05 07:54:33.328+00
410	2022-07-14	37	7	2	2022-07-05 07:02:16.017+00	2022-07-05 07:54:33.329+00
398	2022-07-19	36	6	2	2022-07-05 07:02:16.017+00	2022-07-05 07:54:33.331+00
414	2022-07-19	16	7	2	2022-07-05 07:02:16.017+00	2022-07-05 07:54:33.332+00
402	2022-07-28	16	6	2	2022-07-05 07:02:16.017+00	2022-07-05 07:57:31.214+00
418	2022-07-28	4	7	2	2022-07-05 07:02:16.017+00	2022-07-05 07:57:31.216+00
373	2022-07-03	15	5	2	2022-07-05 07:02:16.015+00	2022-07-05 07:04:33.687+00
421	2022-07-03	39	8	2	2022-07-05 07:02:16.018+00	2022-07-05 07:04:33.697+00
377	2022-07-13	8	5	2	2022-07-05 07:02:16.015+00	2022-07-05 07:12:26.635+00
425	2022-07-13	39	8	2	2022-07-05 07:02:16.018+00	2022-07-05 07:12:26.64+00
429	2022-07-18	16	8	2	2022-07-05 07:02:16.018+00	2022-07-05 07:12:26.641+00
364	2022-07-23	5	4	2	2022-07-05 07:02:16.015+00	2022-07-05 07:17:00.247+00
382	2022-07-19	15	5	2	2022-07-05 07:02:16.016+00	2022-07-05 07:17:00.248+00
385	2022-07-25	16	5	2	2022-07-05 07:02:16.016+00	2022-07-05 07:17:00.249+00
433	2022-07-25	37	8	2	2022-07-05 07:02:16.019+00	2022-07-05 07:17:00.251+00
369	2022-07-28	7	4	2	2022-07-05 07:02:16.015+00	2022-07-05 07:23:09.738+00
389	2022-07-03	37	6	2	2022-07-05 07:02:16.016+00	2022-07-05 07:54:33.336+00
405	2022-07-03	16	7	2	2022-07-05 07:02:16.017+00	2022-07-05 07:54:33.337+00
393	2022-07-13	36	6	2	2022-07-05 07:02:16.017+00	2022-07-05 07:54:33.339+00
397	2022-07-18	19	6	2	2022-07-05 07:02:16.017+00	2022-07-05 07:54:33.34+00
409	2022-07-13	19	7	2	2022-07-05 07:02:16.017+00	2022-07-05 07:54:33.341+00
413	2022-07-18	36	7	2	2022-07-05 07:02:16.017+00	2022-07-05 07:54:33.341+00
401	2022-07-25	38	6	2	2022-07-05 07:02:16.017+00	2022-07-05 07:57:31.218+00
417	2022-07-25	4	7	2	2022-07-05 07:02:16.017+00	2022-07-05 07:57:31.219+00
375	2022-07-08	15	5	2	2022-07-05 07:02:16.015+00	2022-07-05 07:12:26.644+00
380	2022-07-17	16	5	2	2022-07-05 07:02:16.015+00	2022-07-05 07:12:26.645+00
427	2022-07-16	19	8	2	2022-07-05 07:02:16.018+00	2022-07-05 07:12:26.648+00
365	2022-07-24	14	4	2	2022-07-05 07:02:16.015+00	2022-07-05 07:17:00.253+00
370	2022-07-29	23	4	2	2022-07-05 07:02:16.015+00	2022-07-05 07:23:09.744+00
387	2022-07-30	37	5	2	2022-07-05 07:02:16.016+00	2022-07-05 07:23:09.746+00
435	2022-07-30	19	8	2	2022-07-05 07:02:16.019+00	2022-07-05 07:23:09.749+00
395	2022-07-16	15	6	2	2022-07-05 07:02:16.017+00	2022-07-05 07:54:33.344+00
411	2022-07-16	39	7	2	2022-07-05 07:02:16.017+00	2022-07-05 07:54:33.345+00
403	2022-07-30	4	6	2	2022-07-05 07:02:16.017+00	2022-07-05 07:57:31.222+00
419	2022-07-30	39	7	2	2022-07-05 07:02:16.017+00	2022-07-05 07:57:31.223+00
249	2022-07-01	33	1	2	2022-07-05 07:02:16.01+00	2022-07-05 07:04:33.588+00
252	2022-07-04	31	1	2	2022-07-05 07:02:16.01+00	2022-07-05 07:04:33.592+00
284	2022-07-01	10	2	2	2022-07-05 07:02:16.011+00	2022-07-05 07:04:33.63+00
315	2022-07-05	20	3	2	2022-07-05 07:02:16.013+00	2022-07-05 07:04:33.648+00
254	2022-07-06	32	1	2	2022-07-05 07:02:16.01+00	2022-07-05 07:12:26.526+00
260	2022-07-12	6	1	2	2022-07-05 07:02:16.01+00	2022-07-05 07:12:26.533+00
265	2022-07-16	24	1	2	2022-07-05 07:02:16.01+00	2022-07-05 07:12:26.538+00
288	2022-07-09	6	2	2	2022-07-05 07:02:16.011+00	2022-07-05 07:12:26.546+00
294	2022-07-15	25	2	2	2022-07-05 07:02:16.011+00	2022-07-05 07:12:26.552+00
316	2022-07-06	28	3	2	2022-07-05 07:02:16.013+00	2022-07-05 07:12:26.559+00
322	2022-07-12	1	3	2	2022-07-05 07:02:16.013+00	2022-07-05 07:12:26.565+00
328	2022-07-18	20	3	2	2022-07-05 07:02:16.013+00	2022-07-05 07:12:26.577+00
351	2022-07-10	14	4	2	2022-07-05 07:02:16.015+00	2022-07-05 07:12:26.6+00
357	2022-07-16	22	4	2	2022-07-05 07:02:16.015+00	2022-07-05 07:12:26.608+00
378	2022-07-14	38	5	2	2022-07-05 07:02:16.015+00	2022-07-05 07:12:26.65+00
423	2022-07-08	39	8	2	2022-07-05 07:02:16.018+00	2022-07-05 07:12:26.653+00
271	2022-07-25	21	1	2	2022-07-05 07:02:16.01+00	2022-07-05 07:17:00.192+00
299	2022-07-20	27	2	2	2022-07-05 07:02:16.011+00	2022-07-05 07:17:00.198+00
305	2022-07-26	33	2	2	2022-07-05 07:02:16.012+00	2022-07-05 07:17:00.205+00
333	2022-07-23	11	3	2	2022-07-05 07:02:16.013+00	2022-07-05 07:17:00.213+00
360	2022-07-19	7	4	2	2022-07-05 07:02:16.015+00	2022-07-05 07:17:00.219+00
367	2022-07-26	10	4	2	2022-07-05 07:02:16.015+00	2022-07-05 07:17:00.255+00
383	2022-07-20	37	5	2	2022-07-05 07:02:16.016+00	2022-07-05 07:17:00.256+00
431	2022-07-20	16	8	2	2022-07-05 07:02:16.018+00	2022-07-05 07:17:00.259+00
307	2022-07-28	10	2	2	2022-07-05 07:02:16.012+00	2022-07-05 07:23:09.709+00
340	2022-07-30	14	3	2	2022-07-05 07:02:16.014+00	2022-07-05 07:23:09.715+00
372	2022-07-31	23	4	2	2022-07-05 07:02:16.015+00	2022-07-05 07:23:09.75+00
391	2022-07-08	36	6	2	2022-07-05 07:02:16.016+00	2022-07-05 07:54:33.349+00
407	2022-07-08	19	7	2	2022-07-05 07:02:16.017+00	2022-07-05 07:54:33.35+00
399	2022-07-20	38	6	2	2022-07-05 07:02:16.017+00	2022-07-05 07:54:33.353+00
415	2022-07-20	39	7	2	2022-07-05 07:02:16.017+00	2022-07-05 07:54:33.355+00
\.


--
-- TOC entry 3373 (class 0 OID 17165)
-- Dependencies: 210
-- Data for Name: Members; Type: TABLE DATA; Schema: public; Owner: postgres
--

COPY public."Members" (id, callsign, sqn, type, "createdAt", "updatedAt") FROM stdin;
1	Bentoh	HQ	MEMBER	2022-07-05 07:00:54.762+00	2022-07-05 07:00:54.762+00
2	Bon	69	MEMBER	2022-07-05 07:00:55.151+00	2022-07-05 07:00:55.151+00
3	Choi	18	MEMBER	2022-07-05 07:00:55.54+00	2022-07-05 07:00:55.54+00
4	Crafter	18	ADMIN	2022-07-05 07:00:55.928+00	2022-07-05 07:00:55.928+00
5	Egal	18	MEMBER	2022-07-05 07:00:56.318+00	2022-07-05 07:00:56.318+00
6	EngChow	18	ADMIN	2022-07-05 07:00:56.704+00	2022-07-05 07:00:56.704+00
7	Faisal	HQ	MEMBER	2022-07-05 07:00:57.101+00	2022-07-05 07:00:57.101+00
8	Focus	18	MEMBER	2022-07-05 07:00:57.486+00	2022-07-05 07:00:57.486+00
9	Furi	3	MEMBER	2022-07-05 07:00:57.874+00	2022-07-05 07:00:57.874+00
10	Gambit	3	MEMBER	2022-07-05 07:00:58.266+00	2022-07-05 07:00:58.266+00
11	Halftime	18	MEMBER	2022-07-05 07:00:58.659+00	2022-07-05 07:00:58.659+00
12	Ivan	69	MEMBER	2022-07-05 07:00:59.052+00	2022-07-05 07:00:59.052+00
13	Jereld	69	MEMBER	2022-07-05 07:00:59.449+00	2022-07-05 07:00:59.449+00
14	Karma	18	MEMBER	2022-07-05 07:00:59.915+00	2022-07-05 07:00:59.915+00
15	Kym	18	MEMBER	2022-07-05 07:01:00.315+00	2022-07-05 07:01:00.315+00
16	Lennon	69	MEMBER	2022-07-05 07:01:00.706+00	2022-07-05 07:01:00.706+00
17	Muru	69	MEMBER	2022-07-05 07:01:01.094+00	2022-07-05 07:01:01.094+00
18	Priscilla	69	MEMBER	2022-07-05 07:01:01.484+00	2022-07-05 07:01:01.484+00
19	Rhythm	201	MEMBER	2022-07-05 07:01:01.876+00	2022-07-05 07:01:01.876+00
20	Rudolph	18	MEMBER	2022-07-05 07:01:02.263+00	2022-07-05 07:01:02.263+00
21	Ryan	3	MEMBER	2022-07-05 07:01:02.65+00	2022-07-05 07:01:02.65+00
22	Sean	69	MEMBER	2022-07-05 07:01:03.039+00	2022-07-05 07:01:03.039+00
23	Seed	18	MEMBER	2022-07-05 07:01:03.441+00	2022-07-05 07:01:03.441+00
24	SiYi	3	MEMBER	2022-07-05 07:01:03.867+00	2022-07-05 07:01:03.867+00
25	Slayer	HQ	MEMBER	2022-07-05 07:01:04.299+00	2022-07-05 07:01:04.299+00
26	Sonic	18	MEMBER	2022-07-05 07:01:04.739+00	2022-07-05 07:01:04.739+00
27	WenJie	69	MEMBER	2022-07-05 07:01:05.295+00	2022-07-05 07:01:05.295+00
28	Threemen	18	MEMBER	2022-07-05 07:01:05.732+00	2022-07-05 07:01:05.732+00
29	Tim	3	MEMBER	2022-07-05 07:01:06.163+00	2022-07-05 07:01:06.163+00
30	Tofu	18	MEMBER	2022-07-05 07:01:06.602+00	2022-07-05 07:01:06.602+00
31	Trickshot	3	MEMBER	2022-07-05 07:01:07.042+00	2022-07-05 07:01:07.042+00
32	Vernon	69	MEMBER	2022-07-05 07:01:07.47+00	2022-07-05 07:01:07.47+00
33	Volley	3	MEMBER	2022-07-05 07:01:07.902+00	2022-07-05 07:01:07.902+00
34	WenYun	69	MEMBER	2022-07-05 07:01:08.333+00	2022-07-05 07:01:08.333+00
35	YanJun	69	MEMBER	2022-07-05 07:01:08.767+00	2022-07-05 07:01:08.767+00
36	160	160	MEMBER	2022-07-05 07:01:09.197+00	2022-07-05 07:01:09.197+00
37	163	163	MEMBER	2022-07-05 07:01:09.634+00	2022-07-05 07:01:09.634+00
38	165	165	MEMBER	2022-07-05 07:01:10.075+00	2022-07-05 07:01:10.075+00
39	ADG	ADG	MEMBER	2022-07-05 07:01:10.647+00	2022-07-05 07:01:10.647+00
40	Totem	placeholder	MEMBER	2022-07-05 07:35:02.351+00	2022-07-05 07:35:02.351+00
41	Swift	placeholder	MEMBER	2022-07-05 07:36:47.813+00	2022-07-05 07:36:47.813+00
\.


--
-- TOC entry 3382 (class 0 OID 17228)
-- Dependencies: 219
-- Data for Name: Qualifications; Type: TABLE DATA; Schema: public; Owner: postgres
--

COPY public."Qualifications" ("memberId", "roleId", "createdAt", "updatedAt") FROM stdin;
1	1	2022-07-05 07:01:11.214+00	2022-07-05 07:01:11.214+00
1	2	2022-07-05 07:01:11.214+00	2022-07-05 07:01:11.214+00
2	1	2022-07-05 07:01:11.771+00	2022-07-05 07:01:11.771+00
4	2	2022-07-05 07:01:12.89+00	2022-07-05 07:01:12.89+00
4	3	2022-07-05 07:01:12.89+00	2022-07-05 07:01:12.89+00
5	2	2022-07-05 07:01:13.45+00	2022-07-05 07:01:13.45+00
6	1	2022-07-05 07:01:14.014+00	2022-07-05 07:01:14.014+00
7	1	2022-07-05 07:01:14.589+00	2022-07-05 07:01:14.589+00
7	2	2022-07-05 07:01:14.589+00	2022-07-05 07:01:14.589+00
8	2	2022-07-05 07:01:15.158+00	2022-07-05 07:01:15.158+00
8	3	2022-07-05 07:01:15.158+00	2022-07-05 07:01:15.158+00
9	1	2022-07-05 07:01:15.737+00	2022-07-05 07:01:15.737+00
10	1	2022-07-05 07:01:16.31+00	2022-07-05 07:01:16.31+00
10	2	2022-07-05 07:01:16.31+00	2022-07-05 07:01:16.31+00
11	2	2022-07-05 07:01:16.874+00	2022-07-05 07:01:16.874+00
13	1	2022-07-05 07:01:18.009+00	2022-07-05 07:01:18.009+00
14	2	2022-07-05 07:01:18.577+00	2022-07-05 07:01:18.577+00
15	2	2022-07-05 07:01:19.141+00	2022-07-05 07:01:19.141+00
15	3	2022-07-05 07:01:19.141+00	2022-07-05 07:01:19.141+00
16	2	2022-07-05 07:01:19.714+00	2022-07-05 07:01:19.714+00
16	3	2022-07-05 07:01:19.714+00	2022-07-05 07:01:19.714+00
17	1	2022-07-05 07:01:20.266+00	2022-07-05 07:01:20.266+00
17	2	2022-07-05 07:01:20.266+00	2022-07-05 07:01:20.266+00
19	3	2022-07-05 07:01:21.404+00	2022-07-05 07:01:21.404+00
20	2	2022-07-05 07:01:21.936+00	2022-07-05 07:01:21.936+00
21	1	2022-07-05 07:01:22.464+00	2022-07-05 07:01:22.464+00
22	1	2022-07-05 07:01:23.001+00	2022-07-05 07:01:23.001+00
22	2	2022-07-05 07:01:23.001+00	2022-07-05 07:01:23.001+00
23	2	2022-07-05 07:01:23.57+00	2022-07-05 07:01:23.57+00
24	1	2022-07-05 07:01:24.134+00	2022-07-05 07:01:24.134+00
25	1	2022-07-05 07:01:24.687+00	2022-07-05 07:01:24.687+00
25	2	2022-07-05 07:01:24.687+00	2022-07-05 07:01:24.687+00
26	2	2022-07-05 07:01:25.239+00	2022-07-05 07:01:25.239+00
27	1	2022-07-05 07:01:25.81+00	2022-07-05 07:01:25.81+00
28	1	2022-07-05 07:01:26.366+00	2022-07-05 07:01:26.366+00
28	2	2022-07-05 07:01:26.366+00	2022-07-05 07:01:26.366+00
29	1	2022-07-05 07:01:26.923+00	2022-07-05 07:01:26.923+00
29	2	2022-07-05 07:01:26.923+00	2022-07-05 07:01:26.923+00
30	1	2022-07-05 07:01:27.481+00	2022-07-05 07:01:27.481+00
30	2	2022-07-05 07:01:27.481+00	2022-07-05 07:01:27.481+00
31	1	2022-07-05 07:01:28.048+00	2022-07-05 07:01:28.048+00
31	2	2022-07-05 07:01:28.048+00	2022-07-05 07:01:28.048+00
32	1	2022-07-05 07:01:28.604+00	2022-07-05 07:01:28.604+00
33	1	2022-07-05 07:01:29.138+00	2022-07-05 07:01:29.138+00
33	2	2022-07-05 07:01:29.138+00	2022-07-05 07:01:29.138+00
34	1	2022-07-05 07:01:29.668+00	2022-07-05 07:01:29.668+00
36	3	2022-07-05 07:01:30.771+00	2022-07-05 07:01:30.771+00
37	3	2022-07-05 07:01:31.345+00	2022-07-05 07:01:31.345+00
38	3	2022-07-05 07:01:31.913+00	2022-07-05 07:01:31.913+00
39	3	2022-07-05 07:01:32.464+00	2022-07-05 07:01:32.464+00
41	2	2022-07-05 07:36:48.043+00	2022-07-05 07:36:48.043+00
\.


--
-- TOC entry 3384 (class 0 OID 17250)
-- Dependencies: 221
-- Data for Name: Requests; Type: TABLE DATA; Schema: public; Owner: postgres
--

COPY public."Requests" (id, "startDate", "endDate", reason, "memberId", type, "createdAt", "updatedAt") FROM stdin;
1	2022-07-25 00:00:00+00	2022-08-05 00:00:00+00	Cse: Para Counselling	15	Work	2022-07-05 07:01:33.898+00	2022-07-05 07:01:33.898+00
2	2022-07-01 00:00:00+00	2022-07-12 00:00:00+00	Overseas: 	4	Personal	2022-07-05 07:01:33.898+00	2022-07-05 07:01:33.898+00
3	2022-07-01 00:00:00+00	2022-07-02 00:00:00+00	NDP	9	Work	2022-07-05 07:25:06.483+00	2022-07-05 07:25:06.483+00
4	2022-07-03 00:00:00+00	2022-07-20 00:00:00+00	CSE	9	Work	2022-07-05 07:25:06.483+00	2022-07-05 07:25:06.483+00
5	2022-07-01 00:00:00+00	2022-07-06 00:00:00+00	NDP	29	Work	2022-07-05 07:26:55.619+00	2022-07-05 07:26:55.619+00
6	2022-07-08 00:00:00+00	2022-07-11 00:00:00+00	NDP	29	Work	2022-07-05 07:26:55.619+00	2022-07-05 07:26:55.619+00
7	2022-07-13 00:00:00+00	2022-07-19 00:00:00+00	NDP	29	Work	2022-07-05 07:26:55.619+00	2022-07-05 07:26:55.619+00
8	2022-07-22 00:00:00+00	2022-07-25 00:00:00+00	NDP	29	Work	2022-07-05 07:26:55.619+00	2022-07-05 07:26:55.619+00
9	2022-07-27 00:00:00+00	2022-07-31 00:00:00+00	NDP	29	Work	2022-07-05 07:26:55.619+00	2022-07-05 07:26:55.619+00
\.


--
-- TOC entry 3377 (class 0 OID 17185)
-- Dependencies: 214
-- Data for Name: RoleInstances; Type: TABLE DATA; Schema: public; Owner: postgres
--

COPY public."RoleInstances" (id, "roleId", description, "createdAt", "updatedAt") FROM stdin;
1	1		2022-07-05 07:00:53.524+00	2022-07-05 07:00:53.524+00
2	1	Stby	2022-07-05 07:00:53.524+00	2022-07-05 07:00:53.524+00
3	2		2022-07-05 07:00:53.915+00	2022-07-05 07:00:53.915+00
4	2	Stby	2022-07-05 07:00:53.915+00	2022-07-05 07:00:53.915+00
5	3	AM	2022-07-05 07:00:54.3+00	2022-07-05 07:00:54.3+00
6	3	PM	2022-07-05 07:00:54.3+00	2022-07-05 07:00:54.3+00
7	3	AM Stby	2022-07-05 07:00:54.3+00	2022-07-05 07:00:54.3+00
8	3	PM Stby	2022-07-05 07:00:54.3+00	2022-07-05 07:00:54.3+00
\.


--
-- TOC entry 3375 (class 0 OID 17176)
-- Dependencies: 212
-- Data for Name: Roles; Type: TABLE DATA; Schema: public; Owner: postgres
--

COPY public."Roles" (id, name, "createdAt", "updatedAt") FROM stdin;
1	G4 COMD	2022-07-05 07:00:53.522+00	2022-07-05 07:00:53.522+00
2	G4	2022-07-05 07:00:53.913+00	2022-07-05 07:00:53.913+00
3	A2	2022-07-05 07:00:54.299+00	2022-07-05 07:00:54.299+00
\.


--
-- TOC entry 3379 (class 0 OID 17197)
-- Dependencies: 216
-- Data for Name: Schedules; Type: TABLE DATA; Schema: public; Owner: postgres
--

COPY public."Schedules" (id, "isPublished", month, "createdAt", "updatedAt") FROM stdin;
1	f	2022-01-01	2022-07-05 07:01:33.036+00	2022-07-05 07:01:33.036+00
2	t	2022-07-01	2022-07-05 07:02:15.966+00	2022-07-05 07:57:32.555+00
\.


--
-- TOC entry 3396 (class 0 OID 0)
-- Dependencies: 217
-- Name: Duties_id_seq; Type: SEQUENCE SET; Schema: public; Owner: postgres
--

SELECT pg_catalog.setval('public."Duties_id_seq"', 436, true);


--
-- TOC entry 3397 (class 0 OID 0)
-- Dependencies: 209
-- Name: Members_id_seq; Type: SEQUENCE SET; Schema: public; Owner: postgres
--

SELECT pg_catalog.setval('public."Members_id_seq"', 41, true);


--
-- TOC entry 3398 (class 0 OID 0)
-- Dependencies: 220
-- Name: Requests_id_seq; Type: SEQUENCE SET; Schema: public; Owner: postgres
--

SELECT pg_catalog.setval('public."Requests_id_seq"', 9, true);


--
-- TOC entry 3399 (class 0 OID 0)
-- Dependencies: 213
-- Name: RoleInstances_id_seq; Type: SEQUENCE SET; Schema: public; Owner: postgres
--

SELECT pg_catalog.setval('public."RoleInstances_id_seq"', 8, true);


--
-- TOC entry 3400 (class 0 OID 0)
-- Dependencies: 211
-- Name: Roles_id_seq; Type: SEQUENCE SET; Schema: public; Owner: postgres
--

SELECT pg_catalog.setval('public."Roles_id_seq"', 3, true);


--
-- TOC entry 3401 (class 0 OID 0)
-- Dependencies: 215
-- Name: Schedules_id_seq; Type: SEQUENCE SET; Schema: public; Owner: postgres
--

SELECT pg_catalog.setval('public."Schedules_id_seq"', 2, true);


--
-- TOC entry 3221 (class 2606 OID 17212)
-- Name: Duties Duties_pkey; Type: CONSTRAINT; Schema: public; Owner: postgres
--

ALTER TABLE ONLY public."Duties"
    ADD CONSTRAINT "Duties_pkey" PRIMARY KEY (id);


--
-- TOC entry 3207 (class 2606 OID 17174)
-- Name: Members Members_callsign_key; Type: CONSTRAINT; Schema: public; Owner: postgres
--

ALTER TABLE ONLY public."Members"
    ADD CONSTRAINT "Members_callsign_key" UNIQUE (callsign);


--
-- TOC entry 3209 (class 2606 OID 17172)
-- Name: Members Members_pkey; Type: CONSTRAINT; Schema: public; Owner: postgres
--

ALTER TABLE ONLY public."Members"
    ADD CONSTRAINT "Members_pkey" PRIMARY KEY (id);


--
-- TOC entry 3223 (class 2606 OID 17232)
-- Name: Qualifications Qualifications_pkey; Type: CONSTRAINT; Schema: public; Owner: postgres
--

ALTER TABLE ONLY public."Qualifications"
    ADD CONSTRAINT "Qualifications_pkey" PRIMARY KEY ("memberId", "roleId");


--
-- TOC entry 3225 (class 2606 OID 17255)
-- Name: Requests Requests_pkey; Type: CONSTRAINT; Schema: public; Owner: postgres
--

ALTER TABLE ONLY public."Requests"
    ADD CONSTRAINT "Requests_pkey" PRIMARY KEY (id);


--
-- TOC entry 3215 (class 2606 OID 17190)
-- Name: RoleInstances RoleInstances_pkey; Type: CONSTRAINT; Schema: public; Owner: postgres
--

ALTER TABLE ONLY public."RoleInstances"
    ADD CONSTRAINT "RoleInstances_pkey" PRIMARY KEY (id);


--
-- TOC entry 3211 (class 2606 OID 17183)
-- Name: Roles Roles_name_key; Type: CONSTRAINT; Schema: public; Owner: postgres
--

ALTER TABLE ONLY public."Roles"
    ADD CONSTRAINT "Roles_name_key" UNIQUE (name);


--
-- TOC entry 3213 (class 2606 OID 17181)
-- Name: Roles Roles_pkey; Type: CONSTRAINT; Schema: public; Owner: postgres
--

ALTER TABLE ONLY public."Roles"
    ADD CONSTRAINT "Roles_pkey" PRIMARY KEY (id);


--
-- TOC entry 3217 (class 2606 OID 17205)
-- Name: Schedules Schedules_month_key; Type: CONSTRAINT; Schema: public; Owner: postgres
--

ALTER TABLE ONLY public."Schedules"
    ADD CONSTRAINT "Schedules_month_key" UNIQUE (month);


--
-- TOC entry 3219 (class 2606 OID 17203)
-- Name: Schedules Schedules_pkey; Type: CONSTRAINT; Schema: public; Owner: postgres
--

ALTER TABLE ONLY public."Schedules"
    ADD CONSTRAINT "Schedules_pkey" PRIMARY KEY (id);


--
-- TOC entry 3227 (class 2606 OID 17213)
-- Name: Duties Duties_memberId_fkey; Type: FK CONSTRAINT; Schema: public; Owner: postgres
--

ALTER TABLE ONLY public."Duties"
    ADD CONSTRAINT "Duties_memberId_fkey" FOREIGN KEY ("memberId") REFERENCES public."Members"(id) ON UPDATE CASCADE ON DELETE SET NULL;


--
-- TOC entry 3228 (class 2606 OID 17218)
-- Name: Duties Duties_roleInstanceId_fkey; Type: FK CONSTRAINT; Schema: public; Owner: postgres
--

ALTER TABLE ONLY public."Duties"
    ADD CONSTRAINT "Duties_roleInstanceId_fkey" FOREIGN KEY ("roleInstanceId") REFERENCES public."RoleInstances"(id) ON UPDATE CASCADE;


--
-- TOC entry 3229 (class 2606 OID 17223)
-- Name: Duties Duties_scheduleId_fkey; Type: FK CONSTRAINT; Schema: public; Owner: postgres
--

ALTER TABLE ONLY public."Duties"
    ADD CONSTRAINT "Duties_scheduleId_fkey" FOREIGN KEY ("scheduleId") REFERENCES public."Schedules"(id) ON UPDATE CASCADE;


--
-- TOC entry 3230 (class 2606 OID 17233)
-- Name: Qualifications Qualifications_memberId_fkey; Type: FK CONSTRAINT; Schema: public; Owner: postgres
--

ALTER TABLE ONLY public."Qualifications"
    ADD CONSTRAINT "Qualifications_memberId_fkey" FOREIGN KEY ("memberId") REFERENCES public."Members"(id) ON UPDATE CASCADE ON DELETE CASCADE;


--
-- TOC entry 3231 (class 2606 OID 17238)
-- Name: Qualifications Qualifications_roleId_fkey; Type: FK CONSTRAINT; Schema: public; Owner: postgres
--

ALTER TABLE ONLY public."Qualifications"
    ADD CONSTRAINT "Qualifications_roleId_fkey" FOREIGN KEY ("roleId") REFERENCES public."Roles"(id) ON UPDATE CASCADE ON DELETE CASCADE;


--
-- TOC entry 3232 (class 2606 OID 17256)
-- Name: Requests Requests_memberId_fkey; Type: FK CONSTRAINT; Schema: public; Owner: postgres
--

ALTER TABLE ONLY public."Requests"
    ADD CONSTRAINT "Requests_memberId_fkey" FOREIGN KEY ("memberId") REFERENCES public."Members"(id) ON UPDATE CASCADE ON DELETE CASCADE;


--
-- TOC entry 3226 (class 2606 OID 17191)
-- Name: RoleInstances RoleInstances_roleId_fkey; Type: FK CONSTRAINT; Schema: public; Owner: postgres
--

ALTER TABLE ONLY public."RoleInstances"
    ADD CONSTRAINT "RoleInstances_roleId_fkey" FOREIGN KEY ("roleId") REFERENCES public."Roles"(id) ON UPDATE CASCADE;


-- Completed on 2022-07-05 17:05:26

--
-- PostgreSQL database dump complete
--

